Sr. No,Circuit Type,Circuit name,No. of transistors,No. of n-type transistor,No. of p-type transistor,Lg, W,D,Input Output Delay
1,Basic gates,OR Gate,6,3,3,2.00E-08,1.00E-07,9.00E-10,1.61E-11
2,Basic gates,OR Gate,6,3,3,2.00E-08,2.00E-07,9.00E-10,2.65E-11
3,Basic gates,OR Gate,6,3,3,2.00E-08,3.00E-07,9.00E-10,3.55E-11
4,Basic gates,OR Gate,6,3,3,2.00E-08,4.00E-07,9.00E-10,4.37E-11
5,Basic gates,OR Gate,6,3,3,2.00E-08,5.00E-07,9.00E-10,5.13E-11
6,Basic gates,OR Gate,6,3,3,2.00E-08,6.00E-07,9.00E-10,5.80E-11
7,Basic gates,OR Gate,6,3,3,2.00E-08,7.00E-07,9.00E-10,6.46E-11
8,Basic gates,OR Gate,6,3,3,2.00E-08,8.00E-07,9.00E-10,7.07E-11
9,Basic gates,OR Gate,6,3,3,2.00E-08,9.00E-07,9.00E-10,7.67E-11
10,Basic gates,OR Gate,6,3,3,2.00E-08,1.00E-06,9.00E-10,8.25E-11
11,Basic gates,OR Gate,6,3,3,2.00E-08,1.00E-07,1.00E-09,1.24E-11
12,Basic gates,OR Gate,6,3,3,2.00E-08,2.00E-07,1.00E-09,2.13E-11
13,Basic gates,OR Gate,6,3,3,2.00E-08,3.00E-07,1.00E-09,2.91E-11
14,Basic gates,OR Gate,6,3,3,2.00E-08,4.00E-07,1.00E-09,3.62E-11
15,Basic gates,OR Gate,6,3,3,2.00E-08,5.00E-07,1.00E-09,4.27E-11
16,Basic gates,OR Gate,6,3,3,2.00E-08,6.00E-07,1.00E-09,4.90E-11
17,Basic gates,OR Gate,6,3,3,2.00E-08,7.00E-07,1.00E-09,5.50E-11
18,Basic gates,OR Gate,6,3,3,2.00E-08,8.00E-07,1.00E-09,6.04E-11
19,Basic gates,OR Gate,6,3,3,2.00E-08,9.00E-07,1.00E-09,6.58E-11
20,Basic gates,OR Gate,6,3,3,2.00E-08,1.00E-06,1.00E-09,7.08E-11
21,Basic gates,OR Gate,6,3,3,2.00E-08,1.00E-07,1.10E-09,9.76E-12
22,Basic gates,OR Gate,6,3,3,2.00E-08,2.00E-07,1.10E-09,1.78E-11
23,Basic gates,OR Gate,6,3,3,2.00E-08,3.00E-07,1.10E-09,2.47E-11
24,Basic gates,OR Gate,6,3,3,2.00E-08,4.00E-07,1.10E-09,3.08E-11
25,Basic gates,OR Gate,6,3,3,2.00E-08,5.00E-07,1.10E-09,3.67E-11
26,Basic gates,OR Gate,6,3,3,2.00E-08,6.00E-07,1.10E-09,4.23E-11
27,Basic gates,OR Gate,6,3,3,2.00E-08,7.00E-07,1.10E-09,4.76E-11
28,Basic gates,OR Gate,6,3,3,2.00E-08,8.00E-07,1.10E-09,5.28E-11
29,Basic gates,OR Gate,6,3,3,2.00E-08,9.00E-07,1.10E-09,5.77E-11
30,Basic gates,OR Gate,6,3,3,2.00E-08,1.00E-06,1.10E-09,6.24E-11
31,Basic gates,OR Gate,6,3,3,2.00E-08,1.00E-07,1.20E-09,7.72E-12
32,Basic gates,OR Gate,6,3,3,2.00E-08,2.00E-07,1.20E-09,1.50E-11
33,Basic gates,OR Gate,6,3,3,2.00E-08,3.00E-07,1.20E-09,2.12E-11
34,Basic gates,OR Gate,6,3,3,2.00E-08,4.00E-07,1.20E-09,2.68E-11
35,Basic gates,OR Gate,6,3,3,2.00E-08,5.00E-07,1.20E-09,3.21E-11
36,Basic gates,OR Gate,6,3,3,2.00E-08,6.00E-07,1.20E-09,3.71E-11
37,Basic gates,OR Gate,6,3,3,2.00E-08,7.00E-07,1.20E-09,4.20E-11
38,Basic gates,OR Gate,6,3,3,2.00E-08,8.00E-07,1.20E-09,4.67E-11
39,Basic gates,OR Gate,6,3,3,2.00E-08,9.00E-07,1.20E-09,5.12E-11
40,Basic gates,OR Gate,6,3,3,2.00E-08,1.00E-06,1.20E-09,5.57E-11
41,Basic gates,OR Gate,6,3,3,2.00E-08,1.00E-07,1.30E-09,5.83E-12
42,Basic gates,OR Gate,6,3,3,2.00E-08,2.00E-07,1.30E-09,1.26E-11
43,Basic gates,OR Gate,6,3,3,2.00E-08,3.00E-07,1.30E-09,1.83E-11
44,Basic gates,OR Gate,6,3,3,2.00E-08,4.00E-07,1.30E-09,2.35E-11
45,Basic gates,OR Gate,6,3,3,2.00E-08,5.00E-07,1.30E-09,2.85E-11
46,Basic gates,OR Gate,6,3,3,2.00E-08,6.00E-07,1.30E-09,3.31E-11
47,Basic gates,OR Gate,6,3,3,2.00E-08,7.00E-07,1.30E-09,3.75E-11
48,Basic gates,OR Gate,6,3,3,2.00E-08,8.00E-07,1.30E-09,4.18E-11
49,Basic gates,OR Gate,6,3,3,2.00E-08,9.00E-07,1.30E-09,4.60E-11
50,Basic gates,OR Gate,6,3,3,2.00E-08,1.00E-06,1.30E-09,5.01E-11
51,Basic gates,OR Gate,6,3,3,2.00E-08,1.00E-07,1.40E-09,4.09E-12
52,Basic gates,OR Gate,6,3,3,2.00E-08,2.00E-07,1.40E-09,1.05E-11
53,Basic gates,OR Gate,6,3,3,2.00E-08,3.00E-07,1.40E-09,1.60E-11
54,Basic gates,OR Gate,6,3,3,2.00E-08,4.00E-07,1.40E-09,2.09E-11
55,Basic gates,OR Gate,6,3,3,2.00E-08,5.00E-07,1.40E-09,2.54E-11
56,Basic gates,OR Gate,6,3,3,2.00E-08,6.00E-07,1.40E-09,2.96E-11
57,Basic gates,OR Gate,6,3,3,2.00E-08,7.00E-07,1.40E-09,3.38E-11
58,Basic gates,OR Gate,6,3,3,2.00E-08,8.00E-07,1.40E-09,3.77E-11
59,Basic gates,OR Gate,6,3,3,2.00E-08,9.00E-07,1.40E-09,4.17E-11
60,Basic gates,OR Gate,6,3,3,2.00E-08,1.00E-06,1.40E-09,4.56E-11
61,Basic gates,OR Gate,6,3,3,2.00E-08,1.00E-07,1.50E-09,2.56E-12
62,Basic gates,OR Gate,6,3,3,2.00E-08,2.00E-07,1.50E-09,8.63E-12
63,Basic gates,OR Gate,6,3,3,2.00E-08,3.00E-07,1.50E-09,1.37E-11
64,Basic gates,OR Gate,6,3,3,2.00E-08,4.00E-07,1.50E-09,1.84E-11
65,Basic gates,OR Gate,6,3,3,2.00E-08,5.00E-07,1.50E-09,2.26E-11
66,Basic gates,OR Gate,6,3,3,2.00E-08,6.00E-07,1.50E-09,2.68E-11
67,Basic gates,OR Gate,6,3,3,2.00E-08,7.00E-07,1.50E-09,3.07E-11
68,Basic gates,OR Gate,6,3,3,2.00E-08,8.00E-07,1.50E-09,3.45E-11
69,Basic gates,OR Gate,6,3,3,2.00E-08,9.00E-07,1.50E-09,3.81E-11
70,Basic gates,OR Gate,6,3,3,2.00E-08,1.00E-06,1.50E-09,4.17E-11
71,Basic gates,OR Gate,6,3,3,2.00E-08,1.00E-07,1.60E-09,1.18E-12
72,Basic gates,OR Gate,6,3,3,2.00E-08,2.00E-07,1.60E-09,6.90E-12
73,Basic gates,OR Gate,6,3,3,2.00E-08,3.00E-07,1.60E-09,1.18E-11
74,Basic gates,OR Gate,6,3,3,2.00E-08,4.00E-07,1.60E-09,1.62E-11
75,Basic gates,OR Gate,6,3,3,2.00E-08,5.00E-07,1.60E-09,2.03E-11
76,Basic gates,OR Gate,6,3,3,2.00E-08,6.00E-07,1.60E-09,2.42E-11
77,Basic gates,OR Gate,6,3,3,2.00E-08,7.00E-07,1.60E-09,2.79E-11
78,Basic gates,OR Gate,6,3,3,2.00E-08,8.00E-07,1.60E-09,3.14E-11
79,Basic gates,OR Gate,6,3,3,2.00E-08,9.00E-07,1.60E-09,3.50E-11
80,Basic gates,OR Gate,6,3,3,2.00E-08,1.00E-06,1.60E-09,3.85E-11
81,Basic gates,OR Gate,6,3,3,3.20E-08,1.00E-07,1.60E-09,1.77E-12
82,Basic gates,OR Gate,6,3,3,3.20E-08,2.00E-07,1.60E-09,7.64E-12
83,Basic gates,OR Gate,6,3,3,3.20E-08,3.00E-07,1.60E-09,1.28E-11
84,Basic gates,OR Gate,6,3,3,3.20E-08,4.00E-07,1.60E-09,1.73E-11
85,Basic gates,OR Gate,6,3,3,3.20E-08,5.00E-07,1.60E-09,2.15E-11
86,Basic gates,OR Gate,6,3,3,3.20E-08,6.00E-07,1.60E-09,2.56E-11
87,Basic gates,OR Gate,6,3,3,3.20E-08,7.00E-07,1.60E-09,2.94E-11
88,Basic gates,OR Gate,6,3,3,3.20E-08,8.00E-07,1.60E-09,3.32E-11
89,Basic gates,OR Gate,6,3,3,3.20E-08,9.00E-07,1.60E-09,3.69E-11
90,Basic gates,OR Gate,6,3,3,3.20E-08,1.00E-06,1.60E-09,4.05E-11
91,Basic gates,OR Gate,6,3,3,3.20E-08,1.00E-07,1.50E-09,3.14E-12
92,Basic gates,OR Gate,6,3,3,3.20E-08,2.00E-07,1.50E-09,9.38E-12
93,Basic gates,OR Gate,6,3,3,3.20E-08,3.00E-07,1.50E-09,1.47E-11
94,Basic gates,OR Gate,6,3,3,3.20E-08,4.00E-07,1.50E-09,1.95E-11
95,Basic gates,OR Gate,6,3,3,3.20E-08,5.00E-07,1.50E-09,2.39E-11
96,Basic gates,OR Gate,6,3,3,3.20E-08,6.00E-07,1.50E-09,2.83E-11
97,Basic gates,OR Gate,6,3,3,3.20E-08,7.00E-07,1.50E-09,3.24E-11
98,Basic gates,OR Gate,6,3,3,3.20E-08,8.00E-07,1.50E-09,3.63E-11
99,Basic gates,OR Gate,6,3,3,3.20E-08,9.00E-07,1.50E-09,4.01E-11
100,Basic gates,OR Gate,6,3,3,3.20E-08,1.00E-06,1.50E-09,4.39E-11
101,Basic gates,OR Gate,6,3,3,3.20E-08,1.00E-07,1.40E-09,2.29E-11
102,Basic gates,OR Gate,6,3,3,3.20E-08,2.00E-07,1.40E-09,2.73E-11
103,Basic gates,OR Gate,6,3,3,3.20E-08,3.00E-07,1.40E-09,3.24E-11
104,Basic gates,OR Gate,6,3,3,3.20E-08,4.00E-07,1.40E-09,3.43E-11
105,Basic gates,OR Gate,6,3,3,3.20E-08,5.00E-07,1.40E-09,4.01E-11
106,Basic gates,OR Gate,6,3,3,3.20E-08,6.00E-07,1.40E-09,4.39E-11
107,Basic gates,OR Gate,6,3,3,3.20E-08,7.00E-07,1.40E-09,2.83E-11
108,Basic gates,OR Gate,6,3,3,3.20E-08,8.00E-07,1.40E-09,3.24E-11
109,Basic gates,OR Gate,6,3,3,3.20E-08,9.00E-07,1.40E-09,3.63E-11
110,Basic gates,OR Gate,6,3,3,3.20E-08,1.00E-06,1.40E-09,1.47E-11
111,Basic gates,OR Gate,6,3,3,3.20E-08,1.00E-07,1.30E-09,6.49E-12
112,Basic gates,OR Gate,6,3,3,3.20E-08,2.00E-07,1.30E-09,1.35E-11
113,Basic gates,OR Gate,6,3,3,3.20E-08,3.00E-07,1.30E-09,1.95E-11
114,Basic gates,OR Gate,6,3,3,3.20E-08,4.00E-07,1.30E-09,2.49E-11
115,Basic gates,OR Gate,6,3,3,3.20E-08,5.00E-07,1.30E-09,3.00E-11
116,Basic gates,OR Gate,6,3,3,3.20E-08,6.00E-07,1.30E-09,3.48E-11
117,Basic gates,OR Gate,6,3,3,3.20E-08,7.00E-07,1.30E-09,3.94E-11
118,Basic gates,OR Gate,6,3,3,3.20E-08,8.00E-07,1.30E-09,4.39E-11
119,Basic gates,OR Gate,6,3,3,3.20E-08,9.00E-07,1.30E-09,4.83E-11
120,Basic gates,OR Gate,6,3,3,3.20E-08,1.00E-06,1.30E-09,5.26E-11
121,Basic gates,OR Gate,6,3,3,3.20E-08,1.00E-07,1.20E-09,8.31E-12
122,Basic gates,OR Gate,6,3,3,3.20E-08,2.00E-07,1.20E-09,1.60E-11
123,Basic gates,OR Gate,6,3,3,3.20E-08,3.00E-07,1.20E-09,2.24E-11
124,Basic gates,OR Gate,6,3,3,3.20E-08,4.00E-07,1.20E-09,2.83E-11
125,Basic gates,OR Gate,6,3,3,3.20E-08,5.00E-07,1.20E-09,3.38E-11
126,Basic gates,OR Gate,6,3,3,3.20E-08,6.00E-07,1.20E-09,3.90E-11
127,Basic gates,OR Gate,6,3,3,3.20E-08,7.00E-07,1.20E-09,4.42E-11
128,Basic gates,OR Gate,6,3,3,3.20E-08,8.00E-07,1.20E-09,4.90E-11
129,Basic gates,OR Gate,6,3,3,3.20E-08,9.00E-07,1.20E-09,5.38E-11
130,Basic gates,OR Gate,6,3,3,3.20E-08,1.00E-06,1.20E-09,5.84E-11
131,Basic gates,OR Gate,6,3,3,3.20E-08,1.00E-07,1.10E-09,1.05E-11
132,Basic gates,OR Gate,6,3,3,3.20E-08,2.00E-07,1.10E-09,1.88E-11
133,Basic gates,OR Gate,6,3,3,3.20E-08,3.00E-07,1.10E-09,2.60E-11
134,Basic gates,OR Gate,6,3,3,3.20E-08,4.00E-07,1.10E-09,3.25E-11
135,Basic gates,OR Gate,6,3,3,3.20E-08,5.00E-07,1.10E-09,3.86E-11
136,Basic gates,OR Gate,6,3,3,3.20E-08,6.00E-07,1.10E-09,4.45E-11
137,Basic gates,OR Gate,6,3,3,3.20E-08,7.00E-07,1.10E-09,5.00E-11
138,Basic gates,OR Gate,6,3,3,3.20E-08,8.00E-07,1.10E-09,5.54E-11
139,Basic gates,OR Gate,6,3,3,3.20E-08,9.00E-07,1.10E-09,6.05E-11
140,Basic gates,OR Gate,6,3,3,3.20E-08,1.00E-06,1.10E-09,6.55E-11
141,Basic gates,OR Gate,6,3,3,3.20E-08,1.00E-07,1.00E-09,1.32E-11
142,Basic gates,OR Gate,6,3,3,3.20E-08,2.00E-07,1.00E-09,2.26E-11
143,Basic gates,OR Gate,6,3,3,3.20E-08,3.00E-07,1.00E-09,3.07E-11
144,Basic gates,OR Gate,6,3,3,3.20E-08,4.00E-07,1.00E-09,3.81E-11
145,Basic gates,OR Gate,6,3,3,3.20E-08,5.00E-07,1.00E-09,4.50E-11
146,Basic gates,OR Gate,6,3,3,3.20E-08,6.00E-07,1.00E-09,5.16E-11
147,Basic gates,OR Gate,6,3,3,3.20E-08,7.00E-07,1.00E-09,5.77E-11
148,Basic gates,OR Gate,6,3,3,3.20E-08,8.00E-07,1.00E-09,6.35E-11
149,Basic gates,OR Gate,6,3,3,3.20E-08,9.00E-07,1.00E-09,6.89E-11
150,Basic gates,OR Gate,6,3,3,3.20E-08,1.00E-06,1.00E-09,7.44E-11
151,Basic gates,OR Gate,6,3,3,3.20E-08,1.00E-07,9.00E-10,1.71E-11
152,Basic gates,OR Gate,6,3,3,3.20E-08,2.00E-07,9.00E-10,2.80E-11
153,Basic gates,OR Gate,6,3,3,3.20E-08,3.00E-07,9.00E-10,3.75E-11
154,Basic gates,OR Gate,6,3,3,3.20E-08,4.00E-07,9.00E-10,4.60E-11
155,Basic gates,OR Gate,6,3,3,3.20E-08,5.00E-07,9.00E-10,5.39E-11
156,Basic gates,OR Gate,6,3,3,3.20E-08,6.00E-07,9.00E-10,6.09E-11
157,Basic gates,OR Gate,6,3,3,3.20E-08,7.00E-07,9.00E-10,6.77E-11
158,Basic gates,OR Gate,6,3,3,3.20E-08,8.00E-07,9.00E-10,7.41E-11
159,Basic gates,OR Gate,6,3,3,3.20E-08,9.00E-07,9.00E-10,8.04E-11
160,Basic gates,OR Gate,6,3,3,3.20E-08,1.00E-06,9.00E-10,8.66E-11
161,Basic gates,OR Gate,6,3,3,4.20E-08,1.00E-07,9.00E-10,1.78E-11
162,Basic gates,OR Gate,6,3,3,4.20E-08,2.00E-07,9.00E-10,2.91E-11
163,Basic gates,OR Gate,6,3,3,4.20E-08,3.00E-07,9.00E-10,3.89E-11
164,Basic gates,OR Gate,6,3,3,4.20E-08,4.00E-07,9.00E-10,4.76E-11
165,Basic gates,OR Gate,6,3,3,4.20E-08,5.00E-07,9.00E-10,5.57E-11
166,Basic gates,OR Gate,6,3,3,4.20E-08,6.00E-07,9.00E-10,6.30E-11
167,Basic gates,OR Gate,6,3,3,4.20E-08,7.00E-07,9.00E-10,6.99E-11
168,Basic gates,OR Gate,6,3,3,4.20E-08,8.00E-07,9.00E-10,7.66E-11
169,Basic gates,OR Gate,6,3,3,4.20E-08,9.00E-07,9.00E-10,8.31E-11
170,Basic gates,OR Gate,6,3,3,4.20E-08,1.00E-06,9.00E-10,8.97E-11
171,Basic gates,OR Gate,6,3,3,4.20E-08,1.00E-07,1.00E-09,1.38E-11
172,Basic gates,OR Gate,6,3,3,4.20E-08,2.00E-07,1.00E-09,2.35E-11
173,Basic gates,OR Gate,6,3,3,4.20E-08,3.00E-07,1.00E-09,3.18E-11
174,Basic gates,OR Gate,6,3,3,4.20E-08,4.00E-07,1.00E-09,3.95E-11
175,Basic gates,OR Gate,6,3,3,4.20E-08,5.00E-07,1.00E-09,4.66E-11
176,Basic gates,OR Gate,6,3,3,4.20E-08,6.00E-07,1.00E-09,5.33E-11
177,Basic gates,OR Gate,6,3,3,4.20E-08,7.00E-07,1.00E-09,5.95E-11
178,Basic gates,OR Gate,6,3,3,4.20E-08,8.00E-07,1.00E-09,6.54E-11
179,Basic gates,OR Gate,6,3,3,4.20E-08,9.00E-07,1.00E-09,7.13E-11
180,Basic gates,OR Gate,6,3,3,4.20E-08,1.00E-06,1.00E-09,7.68E-11
181,Basic gates,OR Gate,6,3,3,4.20E-08,1.00E-07,1.10E-09,1.11E-11
182,Basic gates,OR Gate,6,3,3,4.20E-08,2.00E-07,1.10E-09,1.96E-11
183,Basic gates,OR Gate,6,3,3,4.20E-08,3.00E-07,1.10E-09,2.70E-11
184,Basic gates,OR Gate,6,3,3,4.20E-08,4.00E-07,1.10E-09,3.37E-11
185,Basic gates,OR Gate,6,3,3,4.20E-08,5.00E-07,1.10E-09,4.00E-11
186,Basic gates,OR Gate,6,3,3,4.20E-08,6.00E-07,1.10E-09,4.60E-11
187,Basic gates,OR Gate,6,3,3,4.20E-08,7.00E-07,1.10E-09,5.17E-11
188,Basic gates,OR Gate,6,3,3,4.20E-08,8.00E-07,1.10E-09,5.73E-11
189,Basic gates,OR Gate,6,3,3,4.20E-08,9.00E-07,1.10E-09,6.25E-11
190,Basic gates,OR Gate,6,3,3,4.20E-08,1.00E-06,1.10E-09,6.75E-11
191,Basic gates,OR Gate,6,3,3,4.20E-08,1.00E-07,1.20E-09,8.79E-12
192,Basic gates,OR Gate,6,3,3,4.20E-08,2.00E-07,1.20E-09,1.67E-11
193,Basic gates,OR Gate,6,3,3,4.20E-08,3.00E-07,1.20E-09,2.33E-11
194,Basic gates,OR Gate,6,3,3,4.20E-08,4.00E-07,1.20E-09,2.93E-11
195,Basic gates,OR Gate,6,3,3,4.20E-08,5.00E-07,1.20E-09,3.50E-11
196,Basic gates,OR Gate,6,3,3,4.20E-08,6.00E-07,1.20E-09,4.04E-11
197,Basic gates,OR Gate,6,3,3,4.20E-08,7.00E-07,1.20E-09,4.57E-11
198,Basic gates,OR Gate,6,3,3,4.20E-08,8.00E-07,1.20E-09,5.07E-11
199,Basic gates,OR Gate,6,3,3,4.20E-08,9.00E-07,1.20E-09,5.56E-11
200,Basic gates,OR Gate,6,3,3,4.20E-08,1.00E-06,1.20E-09,6.02E-11
201,Basic gates,OR Gate,6,3,3,4.20E-08,1.00E-07,1.30E-09,6.93E-12
202,Basic gates,OR Gate,6,3,3,4.20E-08,2.00E-07,1.30E-09,1.41E-11
203,Basic gates,OR Gate,6,3,3,4.20E-08,3.00E-07,1.30E-09,2.03E-11
204,Basic gates,OR Gate,6,3,3,4.20E-08,4.00E-07,1.30E-09,2.58E-11
205,Basic gates,OR Gate,6,3,3,4.20E-08,5.00E-07,1.30E-09,3.10E-11
206,Basic gates,OR Gate,6,3,3,4.20E-08,6.00E-07,1.30E-09,3.60E-11
207,Basic gates,OR Gate,6,3,3,4.20E-08,7.00E-07,1.30E-09,4.07E-11
208,Basic gates,OR Gate,6,3,3,4.20E-08,8.00E-07,1.30E-09,4.54E-11
209,Basic gates,OR Gate,6,3,3,4.20E-08,9.00E-07,1.30E-09,4.99E-11
210,Basic gates,OR Gate,6,3,3,4.20E-08,1.00E-06,1.30E-09,5.44E-11
211,Basic gates,OR Gate,6,3,3,4.20E-08,1.00E-07,1.40E-09,5.16E-12
212,Basic gates,OR Gate,6,3,3,4.20E-08,2.00E-07,1.40E-09,1.19E-11
213,Basic gates,OR Gate,6,3,3,4.20E-08,3.00E-07,1.40E-09,1.77E-11
214,Basic gates,OR Gate,6,3,3,4.20E-08,4.00E-07,1.40E-09,2.29E-11
215,Basic gates,OR Gate,6,3,3,4.20E-08,5.00E-07,1.40E-09,2.77E-11
216,Basic gates,OR Gate,6,3,3,4.20E-08,6.00E-07,1.40E-09,3.23E-11
217,Basic gates,OR Gate,6,3,3,4.20E-08,7.00E-07,1.40E-09,3.68E-11
218,Basic gates,OR Gate,6,3,3,4.20E-08,8.00E-07,1.40E-09,4.11E-11
219,Basic gates,OR Gate,6,3,3,4.20E-08,9.00E-07,1.40E-09,4.53E-11
220,Basic gates,OR Gate,6,3,3,4.20E-08,1.00E-06,1.40E-09,4.94E-11
221,Basic gates,OR Gate,6,3,3,4.20E-08,1.00E-07,1.50E-09,3.55E-12
222,Basic gates,OR Gate,6,3,3,4.20E-08,2.00E-07,1.50E-09,9.94E-12
223,Basic gates,OR Gate,6,3,3,4.20E-08,3.00E-07,1.50E-09,1.54E-11
224,Basic gates,OR Gate,6,3,3,4.20E-08,4.00E-07,1.50E-09,2.03E-11
225,Basic gates,OR Gate,6,3,3,4.20E-08,5.00E-07,1.50E-09,2.48E-11
226,Basic gates,OR Gate,6,3,3,4.20E-08,6.00E-07,1.50E-09,2.93E-11
227,Basic gates,OR Gate,6,3,3,4.20E-08,7.00E-07,1.50E-09,3.35E-11
228,Basic gates,OR Gate,6,3,3,4.20E-08,8.00E-07,1.50E-09,3.75E-11
229,Basic gates,OR Gate,6,3,3,4.20E-08,9.00E-07,1.50E-09,4.14E-11
230,Basic gates,OR Gate,6,3,3,4.20E-08,1.00E-06,1.50E-09,4.53E-11
231,Basic gates,OR Gate,6,3,3,4.20E-08,1.00E-07,1.60E-09,2.15E-12
232,Basic gates,OR Gate,6,3,3,4.20E-08,2.00E-07,1.60E-09,8.16E-12
233,Basic gates,OR Gate,6,3,3,4.20E-08,3.00E-07,1.60E-09,1.34E-11
234,Basic gates,OR Gate,6,3,3,4.20E-08,4.00E-07,1.60E-09,1.81E-11
235,Basic gates,OR Gate,6,3,3,4.20E-08,5.00E-07,1.60E-09,2.24E-11
236,Basic gates,OR Gate,6,3,3,4.20E-08,6.00E-07,1.60E-09,2.65E-11
237,Basic gates,OR Gate,6,3,3,4.20E-08,7.00E-07,1.60E-09,3.05E-11
238,Basic gates,OR Gate,6,3,3,4.20E-08,8.00E-07,1.60E-09,3.43E-11
239,Basic gates,OR Gate,6,3,3,4.20E-08,9.00E-07,1.60E-09,3.82E-11
240,Basic gates,OR Gate,6,3,3,4.20E-08,1.00E-06,1.60E-09,4.18E-11
241,Basic gates,OR Gate,6,3,3,1.00E-08,1.00E-07,1.10E-09,7.38E-12
242,Basic gates,OR Gate,6,3,3,1.00E-08,2.00E-07,1.10E-09,1.47E-11
243,Basic gates,OR Gate,6,3,3,1.00E-08,3.00E-07,1.10E-09,2.09E-11
244,Basic gates,OR Gate,6,3,3,1.00E-08,4.00E-07,1.10E-09,2.65E-11
245,Basic gates,OR Gate,6,3,3,1.00E-08,5.00E-07,1.10E-09,3.17E-11
246,Basic gates,OR Gate,6,3,3,1.00E-08,6.00E-07,1.10E-09,3.68E-11
247,Basic gates,OR Gate,6,3,3,1.00E-08,7.00E-07,1.10E-09,4.15E-11
248,Basic gates,OR Gate,6,3,3,1.00E-08,8.00E-07,1.10E-09,4.62E-11
249,Basic gates,OR Gate,6,3,3,1.00E-08,9.00E-07,1.10E-09,5.08E-11
250,Basic gates,OR Gate,6,3,3,1.00E-08,1.00E-06,1.10E-09,5.53E-11
251,Basic gates,OR Gate,6,3,3,1.00E-08,1.00E-07,1.20E-09,5.31E-12
252,Basic gates,OR Gate,6,3,3,1.00E-08,2.00E-07,1.20E-09,1.19E-11
253,Basic gates,OR Gate,6,3,3,1.00E-08,3.00E-07,1.20E-09,1.77E-11
254,Basic gates,OR Gate,6,3,3,1.00E-08,4.00E-07,1.20E-09,2.29E-11
255,Basic gates,OR Gate,6,3,3,1.00E-08,5.00E-07,1.20E-09,2.77E-11
256,Basic gates,OR Gate,6,3,3,1.00E-08,6.00E-07,1.20E-09,3.23E-11
257,Basic gates,OR Gate,6,3,3,1.00E-08,7.00E-07,1.20E-09,3.66E-11
258,Basic gates,OR Gate,6,3,3,1.00E-08,8.00E-07,1.20E-09,4.10E-11
259,Basic gates,OR Gate,6,3,3,1.00E-08,9.00E-07,1.20E-09,4.50E-11
260,Basic gates,OR Gate,6,3,3,1.00E-08,1.00E-06,1.20E-09,4.90E-11
261,Basic gates,OR Gate,6,3,3,1.00E-08,1.00E-07,1.30E-09,3.38E-12
262,Basic gates,OR Gate,6,3,3,1.00E-08,2.00E-07,1.30E-09,9.67E-12
263,Basic gates,OR Gate,6,3,3,1.00E-08,3.00E-07,1.30E-09,1.50E-11
264,Basic gates,OR Gate,6,3,3,1.00E-08,4.00E-07,1.30E-09,1.98E-11
265,Basic gates,OR Gate,6,3,3,1.00E-08,5.00E-07,1.30E-09,2.43E-11
266,Basic gates,OR Gate,6,3,3,1.00E-08,6.00E-07,1.30E-09,2.86E-11
267,Basic gates,OR Gate,6,3,3,1.00E-08,7.00E-07,1.30E-09,3.26E-11
268,Basic gates,OR Gate,6,3,3,1.00E-08,8.00E-07,1.30E-09,3.65E-11
269,Basic gates,OR Gate,6,3,3,1.00E-08,9.00E-07,1.30E-09,4.03E-11
270,Basic gates,OR Gate,6,3,3,1.00E-08,1.00E-06,1.30E-09,4.42E-11
271,Basic gates,OR Gate,6,3,3,1.00E-08,1.00E-07,1.40E-09,1.60E-12
272,Basic gates,OR Gate,6,3,3,1.00E-08,2.00E-07,1.40E-09,7.54E-12
273,Basic gates,OR Gate,6,3,3,1.00E-08,3.00E-07,1.40E-09,1.25E-11
274,Basic gates,OR Gate,6,3,3,1.00E-08,4.00E-07,1.40E-09,1.71E-11
275,Basic gates,OR Gate,6,3,3,1.00E-08,5.00E-07,1.40E-09,2.13E-11
276,Basic gates,OR Gate,6,3,3,1.00E-08,6.00E-07,1.40E-09,2.54E-11
277,Basic gates,OR Gate,6,3,3,1.00E-08,7.00E-07,1.40E-09,2.93E-11
278,Basic gates,OR Gate,6,3,3,1.00E-08,8.00E-07,1.40E-09,3.30E-11
279,Basic gates,OR Gate,6,3,3,1.00E-08,9.00E-07,1.40E-09,3.66E-11
280,Basic gates,OR Gate,6,3,3,1.00E-08,1.00E-06,1.40E-09,4.01E-11
281,Basic gates,OR Gate,6,3,3,1.00E-08,1.00E-07,1.50E-09,-2.25E-14
282,Basic gates,OR Gate,6,3,3,1.00E-08,2.00E-07,1.50E-09,5.57E-12
283,Basic gates,OR Gate,6,3,3,1.00E-08,3.00E-07,1.50E-09,1.04E-11
284,Basic gates,OR Gate,6,3,3,1.00E-08,4.00E-07,1.50E-09,1.48E-11
285,Basic gates,OR Gate,6,3,3,1.00E-08,5.00E-07,1.50E-09,1.88E-11
286,Basic gates,OR Gate,6,3,3,1.00E-08,6.00E-07,1.50E-09,2.27E-11
287,Basic gates,OR Gate,6,3,3,1.00E-08,7.00E-07,1.50E-09,2.62E-11
288,Basic gates,OR Gate,6,3,3,1.00E-08,8.00E-07,1.50E-09,2.98E-11
289,Basic gates,OR Gate,6,3,3,1.00E-08,9.00E-07,1.50E-09,3.32E-11
290,Basic gates,OR Gate,6,3,3,1.00E-08,1.00E-06,1.50E-09,3.65E-11
291,Basic gates,OR Gate,6,3,3,1.00E-08,1.00E-07,1.60E-09,1.84E-12
292,Basic gates,OR Gate,6,3,3,1.00E-08,2.00E-07,1.60E-09,4.88E-12
293,Basic gates,OR Gate,6,3,3,1.00E-08,3.00E-07,1.60E-09,8.37E-12
294,Basic gates,OR Gate,6,3,3,1.00E-08,4.00E-07,1.60E-09,1.26E-11
295,Basic gates,OR Gate,6,3,3,1.00E-08,5.00E-07,1.60E-09,1.66E-11
296,Basic gates,OR Gate,6,3,3,1.00E-08,6.00E-07,1.60E-09,2.02E-11
297,Basic gates,OR Gate,6,3,3,1.00E-08,7.00E-07,1.60E-09,2.38E-11
298,Basic gates,OR Gate,6,3,3,1.00E-08,8.00E-07,1.60E-09,2.72E-11
299,Basic gates,OR Gate,6,3,3,1.00E-08,9.00E-07,1.60E-09,3.04E-11
300,Basic gates,OR Gate,6,3,3,1.00E-08,1.00E-06,1.60E-09,3.36E-11
301,Basic gates,OR Gate,6,3,3,1.00E-08,1.00E-07,9.00E-10,1.30E-11
302,Basic gates,OR Gate,6,3,3,1.00E-08,2.00E-07,9.00E-10,2.22E-11
303,Basic gates,OR Gate,6,3,3,1.00E-08,3.00E-07,9.00E-10,3.02E-11
304,Basic gates,OR Gate,6,3,3,1.00E-08,4.00E-07,9.00E-10,3.75E-11
305,Basic gates,OR Gate,6,3,3,1.00E-08,5.00E-07,9.00E-10,4.43E-11
306,Basic gates,OR Gate,6,3,3,1.00E-08,6.00E-07,9.00E-10,5.06E-11
307,Basic gates,OR Gate,6,3,3,1.00E-08,7.00E-07,9.00E-10,5.67E-11
308,Basic gates,OR Gate,6,3,3,1.00E-08,8.00E-07,9.00E-10,6.23E-11
309,Basic gates,OR Gate,6,3,3,1.00E-08,9.00E-07,9.00E-10,6.76E-11
310,Basic gates,OR Gate,6,3,3,1.00E-08,1.00E-06,9.00E-10,7.28E-11
311,Basic gates,OR Gate,6,3,3,1.00E-08,1.00E-07,1.00E-10,1.12E-11
312,Basic gates,OR Gate,6,3,3,1.00E-08,2.00E-07,1.00E-10,1.76E-11
313,Basic gates,OR Gate,6,3,3,1.00E-08,3.00E-07,1.00E-10,2.68E-11
314,Basic gates,OR Gate,6,3,3,1.00E-08,4.00E-07,1.00E-10,3.10E-11
315,Basic gates,OR Gate,6,3,3,1.00E-08,5.00E-07,1.00E-10,3.85E-11
316,Basic gates,OR Gate,6,3,3,1.00E-08,6.00E-07,1.00E-10,4.39E-11
317,Basic gates,OR Gate,6,3,3,1.00E-08,7.00E-07,1.00E-10,5.11E-11
318,Basic gates,OR Gate,6,3,3,1.00E-08,8.00E-07,1.00E-10,5.72E-11
319,Basic gates,OR Gate,6,3,3,1.00E-08,9.00E-07,1.00E-10,6.04E-11
320,Basic gates,OR Gate,6,3,3,1.00E-08,1.00E-06,1.00E-10,6.79E-11
321,Basic gates,AND Gate,6,3,3,1.00E-08,1.00E-07,9.00E-10,1.65E-11
322,Basic gates,AND Gate,6,3,3,1.00E-08,2.00E-07,9.00E-10,2.77E-11
323,Basic gates,AND Gate,6,3,3,1.00E-08,3.00E-07,9.00E-10,3.85E-11
324,Basic gates,AND Gate,6,3,3,1.00E-08,4.00E-07,9.00E-10,4.93E-11
325,Basic gates,AND Gate,6,3,3,1.00E-08,5.00E-07,9.00E-10,5.96E-11
326,Basic gates,AND Gate,6,3,3,1.00E-08,6.00E-07,9.00E-10,6.95E-11
327,Basic gates,AND Gate,6,3,3,1.00E-08,7.00E-07,9.00E-10,7.95E-11
328,Basic gates,AND Gate,6,3,3,1.00E-08,8.00E-07,9.00E-10,8.94E-11
329,Basic gates,AND Gate,6,3,3,1.00E-08,9.00E-07,9.00E-10,9.96E-11
330,Basic gates,AND Gate,6,3,3,1.00E-08,1.00E-06,9.00E-10,1.10E-10
331,Basic gates,AND Gate,6,3,3,1.00E-08,1.00E-07,1.00E-09,1.46E-11
332,Basic gates,AND Gate,6,3,3,1.00E-08,2.00E-07,1.00E-09,2.41E-11
333,Basic gates,AND Gate,6,3,3,1.00E-08,3.00E-07,1.00E-09,3.38E-11
334,Basic gates,AND Gate,6,3,3,1.00E-08,4.00E-07,1.00E-09,4.35E-11
335,Basic gates,AND Gate,6,3,3,1.00E-08,5.00E-07,1.00E-09,5.33E-11
336,Basic gates,AND Gate,6,3,3,1.00E-08,6.00E-07,1.00E-09,6.27E-11
337,Basic gates,AND Gate,6,3,3,1.00E-08,7.00E-07,1.00E-09,7.19E-11
338,Basic gates,AND Gate,6,3,3,1.00E-08,8.00E-07,1.00E-09,8.13E-11
339,Basic gates,AND Gate,6,3,3,1.00E-08,9.00E-07,1.00E-09,9.04E-11
340,Basic gates,AND Gate,6,3,3,1.00E-08,1.00E-06,1.00E-09,9.99E-11
341,Basic gates,AND Gate,6,3,3,1.00E-08,1.00E-07,1.10E-09,1.35E-11
342,Basic gates,AND Gate,6,3,3,1.00E-08,2.00E-07,1.10E-09,2.14E-11
343,Basic gates,AND Gate,6,3,3,1.00E-08,3.00E-07,1.10E-09,2.86E-11
344,Basic gates,AND Gate,6,3,3,1.00E-08,4.00E-07,1.10E-09,3.59E-11
345,Basic gates,AND Gate,6,3,3,1.00E-08,5.00E-07,1.10E-09,4.35E-11
346,Basic gates,AND Gate,6,3,3,1.00E-08,6.00E-07,1.10E-09,5.11E-11
347,Basic gates,AND Gate,6,3,3,1.00E-08,7.00E-07,1.10E-09,5.86E-11
348,Basic gates,AND Gate,6,3,3,1.00E-08,8.00E-07,1.10E-09,6.60E-11
349,Basic gates,AND Gate,6,3,3,1.00E-08,9.00E-07,1.10E-09,7.34E-11
350,Basic gates,AND Gate,6,3,3,1.00E-08,1.00E-06,1.10E-09,8.07E-11
351,Basic gates,AND Gate,6,3,3,1.00E-08,1.00E-07,1.20E-09,1.30E-11
352,Basic gates,AND Gate,6,3,3,1.00E-08,2.00E-07,1.20E-09,2.03E-11
353,Basic gates,AND Gate,6,3,3,1.00E-08,3.00E-07,1.20E-09,2.72E-11
354,Basic gates,AND Gate,6,3,3,1.00E-08,4.00E-07,1.20E-09,3.41E-11
355,Basic gates,AND Gate,6,3,3,1.00E-08,5.00E-07,1.20E-09,4.12E-11
356,Basic gates,AND Gate,6,3,3,1.00E-08,6.00E-07,1.20E-09,4.85E-11
357,Basic gates,AND Gate,6,3,3,1.00E-08,7.00E-07,1.20E-09,5.60E-11
358,Basic gates,AND Gate,6,3,3,1.00E-08,8.00E-07,1.20E-09,6.33E-11
359,Basic gates,AND Gate,6,3,3,1.00E-08,9.00E-07,1.20E-09,7.05E-11
360,Basic gates,AND Gate,6,3,3,1.00E-08,1.00E-06,1.20E-09,7.78E-11
361,Basic gates,AND Gate,6,3,3,1.00E-08,1.00E-07,1.30E-09,1.26E-11
362,Basic gates,AND Gate,6,3,3,1.00E-08,2.00E-07,1.30E-09,1.95E-11
363,Basic gates,AND Gate,6,3,3,1.00E-08,3.00E-07,1.30E-09,2.58E-11
364,Basic gates,AND Gate,6,3,3,1.00E-08,4.00E-07,1.30E-09,3.19E-11
365,Basic gates,AND Gate,6,3,3,1.00E-08,5.00E-07,1.30E-09,3.82E-11
366,Basic gates,AND Gate,6,3,3,1.00E-08,6.00E-07,1.30E-09,4.47E-11
367,Basic gates,AND Gate,6,3,3,1.00E-08,7.00E-07,1.30E-09,5.14E-11
368,Basic gates,AND Gate,6,3,3,1.00E-08,8.00E-07,1.30E-09,5.81E-11
369,Basic gates,AND Gate,6,3,3,1.00E-08,9.00E-07,1.30E-09,6.47E-11
370,Basic gates,AND Gate,6,3,3,1.00E-08,1.00E-06,1.30E-09,7.12E-11
371,Basic gates,AND Gate,6,3,3,1.00E-08,1.00E-07,1.40E-09,1.24E-11
372,Basic gates,AND Gate,6,3,3,1.00E-08,2.00E-07,1.40E-09,1.90E-11
373,Basic gates,AND Gate,6,3,3,1.00E-08,3.00E-07,1.40E-09,2.49E-11
374,Basic gates,AND Gate,6,3,3,1.00E-08,4.00E-07,1.40E-09,3.06E-11
375,Basic gates,AND Gate,6,3,3,1.00E-08,5.00E-07,1.40E-09,3.63E-11
376,Basic gates,AND Gate,6,3,3,1.00E-08,6.00E-07,1.40E-09,4.22E-11
377,Basic gates,AND Gate,6,3,3,1.00E-08,7.00E-07,1.40E-09,4.81E-11
378,Basic gates,AND Gate,6,3,3,1.00E-08,8.00E-07,1.40E-09,5.44E-11
379,Basic gates,AND Gate,6,3,3,1.00E-08,9.00E-07,1.40E-09,6.04E-11
380,Basic gates,AND Gate,6,3,3,1.00E-08,1.00E-06,1.40E-09,6.65E-11
381,Basic gates,AND Gate,6,3,3,1.00E-08,1.00E-07,1.50E-09,1.23E-11
382,Basic gates,AND Gate,6,3,3,1.00E-08,2.00E-07,1.50E-09,1.87E-11
383,Basic gates,AND Gate,6,3,3,1.00E-08,3.00E-07,1.50E-09,2.43E-11
384,Basic gates,AND Gate,6,3,3,1.00E-08,4.00E-07,1.50E-09,2.97E-11
385,Basic gates,AND Gate,6,3,3,1.00E-08,5.00E-07,1.50E-09,3.49E-11
386,Basic gates,AND Gate,6,3,3,1.00E-08,6.00E-07,1.50E-09,4.03E-11
387,Basic gates,AND Gate,6,3,3,1.00E-08,7.00E-07,1.50E-09,4.58E-11
388,Basic gates,AND Gate,6,3,3,1.00E-08,8.00E-07,1.50E-09,5.15E-11
389,Basic gates,AND Gate,6,3,3,1.00E-08,9.00E-07,1.50E-09,5.73E-11
390,Basic gates,AND Gate,6,3,3,1.00E-08,1.00E-06,1.50E-09,6.29E-11
391,Basic gates,AND Gate,6,3,3,1.00E-08,1.00E-07,1.60E-09,1.22E-11
392,Basic gates,AND Gate,6,3,3,1.00E-08,2.00E-07,1.60E-09,1.85E-11
393,Basic gates,AND Gate,6,3,3,1.00E-08,3.00E-07,1.60E-09,2.39E-11
394,Basic gates,AND Gate,6,3,3,1.00E-08,4.00E-07,1.60E-09,2.91E-11
395,Basic gates,AND Gate,6,3,3,1.00E-08,5.00E-07,1.60E-09,3.40E-11
396,Basic gates,AND Gate,6,3,3,1.00E-08,6.00E-07,1.60E-09,3.91E-11
397,Basic gates,AND Gate,6,3,3,1.00E-08,7.00E-07,1.60E-09,4.41E-11
398,Basic gates,AND Gate,6,3,3,1.00E-08,8.00E-07,1.60E-09,4.94E-11
399,Basic gates,AND Gate,6,3,3,1.00E-08,9.00E-07,1.60E-09,5.48E-11
400,Basic gates,AND Gate,6,3,3,1.00E-08,1.00E-06,1.60E-09,6.02E-11
401,Basic gates,AND Gate,6,3,3,2.00E-08,1.00E-07,9.00E-10,1.93E-11
402,Basic gates,AND Gate,6,3,3,2.00E-08,2.00E-07,9.00E-10,3.27E-11
403,Basic gates,AND Gate,6,3,3,2.00E-08,3.00E-07,9.00E-10,4.54E-11
404,Basic gates,AND Gate,6,3,3,2.00E-08,4.00E-07,9.00E-10,5.77E-11
405,Basic gates,AND Gate,6,3,3,2.00E-08,5.00E-07,9.00E-10,6.92E-11
406,Basic gates,AND Gate,6,3,3,2.00E-08,6.00E-07,9.00E-10,8.07E-11
407,Basic gates,AND Gate,6,3,3,2.00E-08,7.00E-07,9.00E-10,9.23E-11
408,Basic gates,AND Gate,6,3,3,2.00E-08,8.00E-07,9.00E-10,1.04E-10
409,Basic gates,AND Gate,6,3,3,2.00E-08,9.00E-07,9.00E-10,1.16E-10
410,Basic gates,AND Gate,6,3,3,2.00E-08,1.00E-06,9.00E-10,1.27E-10
411,Basic gates,AND Gate,6,3,3,2.00E-08,1.00E-07,1.00E-09,1.61E-11
412,Basic gates,AND Gate,6,3,3,2.00E-08,2.00E-07,1.00E-09,2.65E-11
413,Basic gates,AND Gate,6,3,3,2.00E-08,3.00E-07,1.00E-09,3.68E-11
414,Basic gates,AND Gate,6,3,3,2.00E-08,4.00E-07,1.00E-09,4.69E-11
415,Basic gates,AND Gate,6,3,3,2.00E-08,5.00E-07,1.00E-09,5.70E-11
416,Basic gates,AND Gate,6,3,3,2.00E-08,6.00E-07,1.00E-09,6.66E-11
417,Basic gates,AND Gate,6,3,3,2.00E-08,7.00E-07,1.00E-09,7.62E-11
418,Basic gates,AND Gate,6,3,3,2.00E-08,8.00E-07,1.00E-09,8.58E-11
419,Basic gates,AND Gate,6,3,3,2.00E-08,9.00E-07,1.00E-09,9.55E-11
420,Basic gates,AND Gate,6,3,3,2.00E-08,1.00E-06,1.00E-09,1.05E-10
421,Basic gates,AND Gate,6,3,3,2.00E-08,1.00E-07,1.10E-09,1.47E-11
422,Basic gates,AND Gate,6,3,3,2.00E-08,2.00E-07,1.10E-09,2.40E-11
423,Basic gates,AND Gate,6,3,3,2.00E-08,3.00E-07,1.10E-09,3.34E-11
424,Basic gates,AND Gate,6,3,3,2.00E-08,4.00E-07,1.10E-09,4.28E-11
425,Basic gates,AND Gate,6,3,3,2.00E-08,5.00E-07,1.10E-09,5.26E-11
426,Basic gates,AND Gate,6,3,3,2.00E-08,6.00E-07,1.10E-09,6.19E-11
427,Basic gates,AND Gate,6,3,3,2.00E-08,7.00E-07,1.10E-09,7.11E-11
428,Basic gates,AND Gate,6,3,3,2.00E-08,8.00E-07,1.10E-09,8.02E-11
429,Basic gates,AND Gate,6,3,3,2.00E-08,9.00E-07,1.10E-09,8.95E-11
430,Basic gates,AND Gate,6,3,3,2.00E-08,1.00E-06,1.10E-09,9.88E-11
431,Basic gates,AND Gate,6,3,3,2.00E-08,1.00E-07,1.20E-09,1.39E-11
432,Basic gates,AND Gate,6,3,3,2.00E-08,2.00E-07,1.20E-09,2.20E-11
433,Basic gates,AND Gate,6,3,3,2.00E-08,3.00E-07,1.20E-09,2.99E-11
434,Basic gates,AND Gate,6,3,3,2.00E-08,4.00E-07,1.20E-09,3.81E-11
435,Basic gates,AND Gate,6,3,3,2.00E-08,5.00E-07,1.20E-09,4.63E-11
436,Basic gates,AND Gate,6,3,3,2.00E-08,6.00E-07,1.20E-09,5.48E-11
437,Basic gates,AND Gate,6,3,3,2.00E-08,7.00E-07,1.20E-09,6.30E-11
438,Basic gates,AND Gate,6,3,3,2.00E-08,8.00E-07,1.20E-09,7.12E-11
439,Basic gates,AND Gate,6,3,3,2.00E-08,9.00E-07,1.20E-09,7.94E-11
440,Basic gates,AND Gate,6,3,3,2.00E-08,1.00E-06,1.20E-09,8.77E-11
441,Basic gates,AND Gate,6,3,3,2.00E-08,1.00E-07,1.30E-09,1.34E-11
442,Basic gates,AND Gate,6,3,3,2.00E-08,2.00E-07,1.30E-09,2.08E-11
443,Basic gates,AND Gate,6,3,3,2.00E-08,3.00E-07,1.30E-09,2.78E-11
444,Basic gates,AND Gate,6,3,3,2.00E-08,4.00E-07,1.30E-09,3.49E-11
445,Basic gates,AND Gate,6,3,3,2.00E-08,5.00E-07,1.30E-09,4.22E-11
446,Basic gates,AND Gate,6,3,3,2.00E-08,6.00E-07,1.30E-09,4.97E-11
447,Basic gates,AND Gate,6,3,3,2.00E-08,7.00E-07,1.30E-09,5.74E-11
448,Basic gates,AND Gate,6,3,3,2.00E-08,8.00E-07,1.30E-09,6.47E-11
449,Basic gates,AND Gate,6,3,3,2.00E-08,9.00E-07,1.30E-09,7.21E-11
450,Basic gates,AND Gate,6,3,3,2.00E-08,1.00E-06,1.30E-09,7.95E-11
451,Basic gates,AND Gate,6,3,3,2.00E-08,1.00E-07,1.40E-09,1.30E-11
452,Basic gates,AND Gate,6,3,3,2.00E-08,2.00E-07,1.40E-09,2.01E-11
453,Basic gates,AND Gate,6,3,3,2.00E-08,3.00E-07,1.40E-09,2.65E-11
454,Basic gates,AND Gate,6,3,3,2.00E-08,4.00E-07,1.40E-09,3.29E-11
455,Basic gates,AND Gate,6,3,3,2.00E-08,5.00E-07,1.40E-09,3.94E-11
456,Basic gates,AND Gate,6,3,3,2.00E-08,6.00E-07,1.40E-09,4.63E-11
457,Basic gates,AND Gate,6,3,3,2.00E-08,7.00E-07,1.40E-09,5.31E-11
458,Basic gates,AND Gate,6,3,3,2.00E-08,8.00E-07,1.40E-09,6.00E-11
459,Basic gates,AND Gate,6,3,3,2.00E-08,9.00E-07,1.40E-09,6.68E-11
460,Basic gates,AND Gate,6,3,3,2.00E-08,1.00E-06,1.40E-09,7.35E-11
461,Basic gates,AND Gate,6,3,3,2.00E-08,1.00E-07,1.50E-09,1.28E-11
462,Basic gates,AND Gate,6,3,3,2.00E-08,2.00E-07,1.50E-09,1.96E-11
463,Basic gates,AND Gate,6,3,3,2.00E-08,3.00E-07,1.50E-09,2.57E-11
464,Basic gates,AND Gate,6,3,3,2.00E-08,4.00E-07,1.50E-09,3.16E-11
465,Basic gates,AND Gate,6,3,3,2.00E-08,5.00E-07,1.50E-09,3.75E-11
466,Basic gates,AND Gate,6,3,3,2.00E-08,6.00E-07,1.50E-09,4.37E-11
467,Basic gates,AND Gate,6,3,3,2.00E-08,7.00E-07,1.50E-09,5.00E-11
468,Basic gates,AND Gate,6,3,3,2.00E-08,8.00E-07,1.50E-09,5.65E-11
469,Basic gates,AND Gate,6,3,3,2.00E-08,9.00E-07,1.50E-09,6.28E-11
470,Basic gates,AND Gate,6,3,3,2.00E-08,1.00E-06,1.50E-09,6.90E-11
471,Basic gates,AND Gate,6,3,3,2.00E-08,1.00E-07,1.60E-09,1.26E-11
472,Basic gates,AND Gate,6,3,3,2.00E-08,2.00E-07,1.60E-09,1.92E-11
473,Basic gates,AND Gate,6,3,3,2.00E-08,3.00E-07,1.60E-09,2.51E-11
474,Basic gates,AND Gate,6,3,3,2.00E-08,4.00E-07,1.60E-09,3.07E-11
475,Basic gates,AND Gate,6,3,3,2.00E-08,5.00E-07,1.60E-09,3.62E-11
476,Basic gates,AND Gate,6,3,3,2.00E-08,6.00E-07,1.60E-09,4.19E-11
477,Basic gates,AND Gate,6,3,3,2.00E-08,7.00E-07,1.60E-09,4.77E-11
478,Basic gates,AND Gate,6,3,3,2.00E-08,8.00E-07,1.60E-09,5.38E-11
479,Basic gates,AND Gate,6,3,3,2.00E-08,9.00E-07,1.60E-09,5.97E-11
480,Basic gates,AND Gate,6,3,3,2.00E-08,1.00E-06,1.60E-09,6.55E-11
481,Basic gates,AND Gate,6,3,3,3.20E-08,1.00E-07,9.00E-10,2.05E-11
482,Basic gates,AND Gate,6,3,3,3.20E-08,2.00E-07,9.00E-10,3.47E-11
483,Basic gates,AND Gate,6,3,3,3.20E-08,3.00E-07,9.00E-10,4.83E-11
484,Basic gates,AND Gate,6,3,3,3.20E-08,4.00E-07,9.00E-10,6.10E-11
485,Basic gates,AND Gate,6,3,3,3.20E-08,5.00E-07,9.00E-10,7.33E-11
486,Basic gates,AND Gate,6,3,3,3.20E-08,6.00E-07,9.00E-10,8.54E-11
487,Basic gates,AND Gate,6,3,3,3.20E-08,7.00E-07,9.00E-10,9.79E-11
488,Basic gates,AND Gate,6,3,3,3.20E-08,8.00E-07,9.00E-10,1.10E-10
489,Basic gates,AND Gate,6,3,3,3.20E-08,9.00E-07,9.00E-10,1.23E-10
490,Basic gates,AND Gate,6,3,3,3.20E-08,1.00E-06,9.00E-10,1.35E-10
491,Basic gates,AND Gate,6,3,3,3.20E-08,1.00E-07,1.00E-09,1.71E-11
492,Basic gates,AND Gate,6,3,3,3.20E-08,2.00E-07,1.00E-09,2.83E-11
493,Basic gates,AND Gate,6,3,3,3.20E-08,3.00E-07,1.00E-09,3.93E-11
494,Basic gates,AND Gate,6,3,3,3.20E-08,4.00E-07,1.00E-09,5.03E-11
495,Basic gates,AND Gate,6,3,3,3.20E-08,5.00E-07,1.00E-09,6.08E-11
496,Basic gates,AND Gate,6,3,3,3.20E-08,6.00E-07,1.00E-09,7.12E-11
497,Basic gates,AND Gate,6,3,3,3.20E-08,7.00E-07,1.00E-09,8.14E-11
498,Basic gates,AND Gate,6,3,3,3.20E-08,8.00E-07,1.00E-09,9.18E-11
499,Basic gates,AND Gate,6,3,3,3.20E-08,9.00E-07,1.00E-09,1.02E-10
500,Basic gates,AND Gate,6,3,3,3.20E-08,1.00E-06,1.00E-09,1.13E-10
501,Basic gates,AND Gate,6,3,3,3.20E-08,1.00E-07,1.10E-09,1.55E-11
502,Basic gates,AND Gate,6,3,3,3.20E-08,2.00E-07,1.10E-09,2.48E-11
503,Basic gates,AND Gate,6,3,3,3.20E-08,3.00E-07,1.10E-09,3.39E-11
504,Basic gates,AND Gate,6,3,3,3.20E-08,4.00E-07,1.10E-09,4.31E-11
505,Basic gates,AND Gate,6,3,3,3.20E-08,5.00E-07,1.10E-09,5.25E-11
506,Basic gates,AND Gate,6,3,3,3.20E-08,6.00E-07,1.10E-09,6.15E-11
507,Basic gates,AND Gate,6,3,3,3.20E-08,7.00E-07,1.10E-09,7.03E-11
508,Basic gates,AND Gate,6,3,3,3.20E-08,8.00E-07,1.10E-09,7.92E-11
509,Basic gates,AND Gate,6,3,3,3.20E-08,9.00E-07,1.10E-09,8.81E-11
510,Basic gates,AND Gate,6,3,3,3.20E-08,1.00E-06,1.10E-09,9.71E-11
511,Basic gates,AND Gate,6,3,3,3.20E-08,1.00E-07,1.20E-09,1.47E-11
512,Basic gates,AND Gate,6,3,3,3.20E-08,2.00E-07,1.20E-09,2.33E-11
513,Basic gates,AND Gate,6,3,3,3.20E-08,3.00E-07,1.20E-09,3.17E-11
514,Basic gates,AND Gate,6,3,3,3.20E-08,4.00E-07,1.20E-09,4.04E-11
515,Basic gates,AND Gate,6,3,3,3.20E-08,5.00E-07,1.20E-09,4.93E-11
516,Basic gates,AND Gate,6,3,3,3.20E-08,6.00E-07,1.20E-09,5.83E-11
517,Basic gates,AND Gate,6,3,3,3.20E-08,7.00E-07,1.20E-09,6.69E-11
518,Basic gates,AND Gate,6,3,3,3.20E-08,8.00E-07,1.20E-09,7.56E-11
519,Basic gates,AND Gate,6,3,3,3.20E-08,9.00E-07,1.20E-09,8.44E-11
520,Basic gates,AND Gate,6,3,3,3.20E-08,1.00E-06,1.20E-09,9.32E-11
521,Basic gates,AND Gate,6,3,3,3.20E-08,1.00E-07,1.30E-09,1.41E-11
522,Basic gates,AND Gate,6,3,3,3.20E-08,2.00E-07,1.30E-09,2.19E-11
523,Basic gates,AND Gate,6,3,3,3.20E-08,3.00E-07,1.30E-09,2.93E-11
524,Basic gates,AND Gate,6,3,3,3.20E-08,4.00E-07,1.30E-09,3.69E-11
525,Basic gates,AND Gate,6,3,3,3.20E-08,5.00E-07,1.30E-09,4.48E-11
526,Basic gates,AND Gate,6,3,3,3.20E-08,6.00E-07,1.30E-09,5.28E-11
527,Basic gates,AND Gate,6,3,3,3.20E-08,7.00E-07,1.30E-09,6.08E-11
528,Basic gates,AND Gate,6,3,3,3.20E-08,8.00E-07,1.30E-09,6.85E-11
529,Basic gates,AND Gate,6,3,3,3.20E-08,9.00E-07,1.30E-09,7.64E-11
530,Basic gates,AND Gate,6,3,3,3.20E-08,1.00E-06,1.30E-09,8.43E-11
531,Basic gates,AND Gate,6,3,3,3.20E-08,1.00E-07,1.40E-09,1.37E-11
532,Basic gates,AND Gate,6,3,3,3.20E-08,2.00E-07,1.40E-09,2.11E-11
533,Basic gates,AND Gate,6,3,3,3.20E-08,3.00E-07,1.40E-09,2.78E-11
534,Basic gates,AND Gate,6,3,3,3.20E-08,4.00E-07,1.40E-09,3.46E-11
535,Basic gates,AND Gate,6,3,3,3.20E-08,5.00E-07,1.40E-09,4.16E-11
536,Basic gates,AND Gate,6,3,3,3.20E-08,6.00E-07,1.40E-09,4.88E-11
537,Basic gates,AND Gate,6,3,3,3.20E-08,7.00E-07,1.40E-09,5.62E-11
538,Basic gates,AND Gate,6,3,3,3.20E-08,8.00E-07,1.40E-09,6.34E-11
539,Basic gates,AND Gate,6,3,3,3.20E-08,9.00E-07,1.40E-09,7.05E-11
540,Basic gates,AND Gate,6,3,3,3.20E-08,1.00E-06,1.40E-09,7.77E-11
541,Basic gates,AND Gate,6,3,3,3.20E-08,1.00E-07,1.50E-09,1.34E-11
542,Basic gates,AND Gate,6,3,3,3.20E-08,2.00E-07,1.50E-09,2.05E-11
543,Basic gates,AND Gate,6,3,3,3.20E-08,3.00E-07,1.50E-09,2.68E-11
544,Basic gates,AND Gate,6,3,3,3.20E-08,4.00E-07,1.50E-09,3.30E-11
545,Basic gates,AND Gate,6,3,3,3.20E-08,5.00E-07,1.50E-09,3.94E-11
546,Basic gates,AND Gate,6,3,3,3.20E-08,6.00E-07,1.50E-09,4.60E-11
547,Basic gates,AND Gate,6,3,3,3.20E-08,7.00E-07,1.50E-09,5.28E-11
548,Basic gates,AND Gate,6,3,3,3.20E-08,8.00E-07,1.50E-09,5.95E-11
549,Basic gates,AND Gate,6,3,3,3.20E-08,9.00E-07,1.50E-09,6.61E-11
550,Basic gates,AND Gate,6,3,3,3.20E-08,1.00E-06,1.50E-09,7.28E-11
551,Basic gates,AND Gate,6,3,3,3.20E-08,1.00E-07,1.60E-09,1.32E-11
552,Basic gates,AND Gate,6,3,3,3.20E-08,2.00E-07,1.60E-09,2.00E-11
553,Basic gates,AND Gate,6,3,3,3.20E-08,3.00E-07,1.60E-09,2.62E-11
554,Basic gates,AND Gate,6,3,3,3.20E-08,4.00E-07,1.60E-09,3.20E-11
555,Basic gates,AND Gate,6,3,3,3.20E-08,5.00E-07,1.60E-09,3.79E-11
556,Basic gates,AND Gate,6,3,3,3.20E-08,6.00E-07,1.60E-09,4.38E-11
557,Basic gates,AND Gate,6,3,3,3.20E-08,7.00E-07,1.60E-09,5.02E-11
558,Basic gates,AND Gate,6,3,3,3.20E-08,8.00E-07,1.60E-09,5.65E-11
559,Basic gates,AND Gate,6,3,3,3.20E-08,9.00E-07,1.60E-09,6.27E-11
560,Basic gates,AND Gate,6,3,3,3.20E-08,1.00E-06,1.60E-09,6.89E-11
561,Basic gates,AND Gate,6,3,3,4.20E-08,1.00E-07,9.00E-10,2.31E-11
562,Basic gates,AND Gate,6,3,3,4.20E-08,2.00E-07,9.00E-10,3.97E-11
563,Basic gates,AND Gate,6,3,3,4.20E-08,3.00E-07,9.00E-10,5.51E-11
564,Basic gates,AND Gate,6,3,3,4.20E-08,4.00E-07,9.00E-10,6.93E-11
565,Basic gates,AND Gate,6,3,3,4.20E-08,5.00E-07,9.00E-10,8.32E-11
566,Basic gates,AND Gate,6,3,3,4.20E-08,6.00E-07,9.00E-10,9.73E-11
567,Basic gates,AND Gate,6,3,3,4.20E-08,7.00E-07,9.00E-10,1.11E-10
568,Basic gates,AND Gate,6,3,3,4.20E-08,8.00E-07,9.00E-10,1.26E-10
569,Basic gates,AND Gate,6,3,3,4.20E-08,9.00E-07,9.00E-10,1.40E-10
570,Basic gates,AND Gate,6,3,3,4.20E-08,1.00E-06,9.00E-10,1.54E-10
571,Basic gates,AND Gate,6,3,3,4.20E-08,1.00E-07,1.00E-09,1.84E-11
572,Basic gates,AND Gate,6,3,3,4.20E-08,2.00E-07,1.00E-09,3.13E-11
573,Basic gates,AND Gate,6,3,3,4.20E-08,3.00E-07,1.00E-09,4.41E-11
574,Basic gates,AND Gate,6,3,3,4.20E-08,4.00E-07,1.00E-09,5.67E-11
575,Basic gates,AND Gate,6,3,3,4.20E-08,5.00E-07,1.00E-09,6.85E-11
576,Basic gates,AND Gate,6,3,3,4.20E-08,6.00E-07,1.00E-09,8.02E-11
577,Basic gates,AND Gate,6,3,3,4.20E-08,7.00E-07,1.00E-09,9.19E-11
578,Basic gates,AND Gate,6,3,3,4.20E-08,8.00E-07,1.00E-09,1.04E-10
579,Basic gates,AND Gate,6,3,3,4.20E-08,9.00E-07,1.00E-09,1.16E-10
580,Basic gates,AND Gate,6,3,3,4.20E-08,1.00E-06,1.00E-09,1.28E-10
581,Basic gates,AND Gate,6,3,3,4.20E-08,1.00E-07,1.10E-09,1.63E-11
582,Basic gates,AND Gate,6,3,3,4.20E-08,2.00E-07,1.10E-09,2.67E-11
583,Basic gates,AND Gate,6,3,3,4.20E-08,3.00E-07,1.10E-09,3.72E-11
584,Basic gates,AND Gate,6,3,3,4.20E-08,4.00E-07,1.10E-09,4.79E-11
585,Basic gates,AND Gate,6,3,3,4.20E-08,5.00E-07,1.10E-09,5.86E-11
586,Basic gates,AND Gate,6,3,3,4.20E-08,6.00E-07,1.10E-09,6.87E-11
587,Basic gates,AND Gate,6,3,3,4.20E-08,7.00E-07,1.10E-09,7.90E-11
588,Basic gates,AND Gate,6,3,3,4.20E-08,8.00E-07,1.10E-09,8.94E-11
589,Basic gates,AND Gate,6,3,3,4.20E-08,9.00E-07,1.10E-09,9.95E-11
590,Basic gates,AND Gate,6,3,3,4.20E-08,1.00E-06,1.10E-09,1.10E-10
591,Basic gates,AND Gate,6,3,3,4.20E-08,1.00E-07,1.20E-09,1.53E-11
592,Basic gates,AND Gate,6,3,3,4.20E-08,2.00E-07,1.20E-09,2.42E-11
593,Basic gates,AND Gate,6,3,3,4.20E-08,3.00E-07,1.20E-09,3.31E-11
594,Basic gates,AND Gate,6,3,3,4.20E-08,4.00E-07,1.20E-09,4.22E-11
595,Basic gates,AND Gate,6,3,3,4.20E-08,5.00E-07,1.20E-09,5.16E-11
596,Basic gates,AND Gate,6,3,3,4.20E-08,6.00E-07,1.20E-09,6.08E-11
597,Basic gates,AND Gate,6,3,3,4.20E-08,7.00E-07,1.20E-09,6.98E-11
598,Basic gates,AND Gate,6,3,3,4.20E-08,8.00E-07,1.20E-09,7.89E-11
599,Basic gates,AND Gate,6,3,3,4.20E-08,9.00E-07,1.20E-09,8.80E-11
600,Basic gates,AND Gate,6,3,3,4.20E-08,1.00E-06,1.20E-09,9.72E-11
601,Basic gates,AND Gate,6,3,3,4.20E-08,1.00E-07,1.30E-09,1.46E-11
602,Basic gates,AND Gate,6,3,3,4.20E-08,2.00E-07,1.30E-09,2.27E-11
603,Basic gates,AND Gate,6,3,3,4.20E-08,3.00E-07,1.30E-09,3.05E-11
604,Basic gates,AND Gate,6,3,3,4.20E-08,4.00E-07,1.30E-09,3.84E-11
605,Basic gates,AND Gate,6,3,3,4.20E-08,5.00E-07,1.30E-09,4.66E-11
606,Basic gates,AND Gate,6,3,3,4.20E-08,6.00E-07,1.30E-09,5.50E-11
607,Basic gates,AND Gate,6,3,3,4.20E-08,7.00E-07,1.30E-09,6.32E-11
608,Basic gates,AND Gate,6,3,3,4.20E-08,8.00E-07,1.30E-09,7.13E-11
609,Basic gates,AND Gate,6,3,3,4.20E-08,9.00E-07,1.30E-09,7.95E-11
610,Basic gates,AND Gate,6,3,3,4.20E-08,1.00E-06,1.30E-09,8.78E-11
611,Basic gates,AND Gate,6,3,3,4.20E-08,1.00E-07,1.40E-09,1.42E-11
612,Basic gates,AND Gate,6,3,3,4.20E-08,2.00E-07,1.40E-09,2.18E-11
613,Basic gates,AND Gate,6,3,3,4.20E-08,3.00E-07,1.40E-09,2.88E-11
614,Basic gates,AND Gate,6,3,3,4.20E-08,4.00E-07,1.40E-09,3.59E-11
615,Basic gates,AND Gate,6,3,3,4.20E-08,5.00E-07,1.40E-09,4.33E-11
616,Basic gates,AND Gate,6,3,3,4.20E-08,6.00E-07,1.40E-09,5.08E-11
617,Basic gates,AND Gate,6,3,3,4.20E-08,7.00E-07,1.40E-09,5.84E-11
618,Basic gates,AND Gate,6,3,3,4.20E-08,8.00E-07,1.40E-09,6.58E-11
619,Basic gates,AND Gate,6,3,3,4.20E-08,9.00E-07,1.40E-09,7.32E-11
620,Basic gates,AND Gate,6,3,3,4.20E-08,1.00E-06,1.40E-09,8.08E-11
621,Basic gates,AND Gate,6,3,3,4.20E-08,1.00E-07,1.50E-09,1.39E-11
622,Basic gates,AND Gate,6,3,3,4.20E-08,2.00E-07,1.50E-09,2.11E-11
623,Basic gates,AND Gate,6,3,3,4.20E-08,3.00E-07,1.50E-09,2.78E-11
624,Basic gates,AND Gate,6,3,3,4.20E-08,4.00E-07,1.50E-09,3.42E-11
625,Basic gates,AND Gate,6,3,3,4.20E-08,5.00E-07,1.50E-09,4.08E-11
626,Basic gates,AND Gate,6,3,3,4.20E-08,6.00E-07,1.50E-09,4.77E-11
627,Basic gates,AND Gate,6,3,3,4.20E-08,7.00E-07,1.50E-09,5.48E-11
628,Basic gates,AND Gate,6,3,3,4.20E-08,8.00E-07,1.50E-09,6.17E-11
629,Basic gates,AND Gate,6,3,3,4.20E-08,9.00E-07,1.50E-09,6.85E-11
630,Basic gates,AND Gate,6,3,3,4.20E-08,1.00E-06,1.50E-09,7.54E-11
631,Basic gates,AND Gate,6,3,3,4.20E-08,1.00E-07,1.60E-09,1.37E-11
632,Basic gates,AND Gate,6,3,3,4.20E-08,2.00E-07,1.60E-09,2.07E-11
633,Basic gates,AND Gate,6,3,3,4.20E-08,3.00E-07,1.60E-09,2.69E-11
634,Basic gates,AND Gate,6,3,3,4.20E-08,4.00E-07,1.60E-09,3.30E-11
635,Basic gates,AND Gate,6,3,3,4.20E-08,5.00E-07,1.60E-09,3.91E-11
636,Basic gates,AND Gate,6,3,3,4.20E-08,6.00E-07,1.60E-09,4.53E-11
637,Basic gates,AND Gate,6,3,3,4.20E-08,7.00E-07,1.60E-09,5.19E-11
638,Basic gates,AND Gate,6,3,3,4.20E-08,8.00E-07,1.60E-09,5.85E-11
639,Basic gates,AND Gate,6,3,3,4.20E-08,9.00E-07,1.60E-09,6.49E-11
640,Basic gates,AND Gate,6,3,3,4.20E-08,1.00E-06,1.60E-09,7.12E-11
641,Combinational ,Full adder,32,16,16,1.00E-08,1.00E-07,9.00E-10,2.19E-11
642,Combinational ,Full adder,32,16,16,1.00E-08,2.00E-07,9.00E-10,4.34E-11
643,Combinational ,Full adder,32,16,16,1.00E-08,3.00E-07,9.00E-10,6.49E-11
644,Combinational ,Full adder,32,16,16,1.00E-08,4.00E-07,9.00E-10,8.63E-11
645,Combinational ,Full adder,32,16,16,1.00E-08,5.00E-07,9.00E-10,1.08E-10
646,Combinational ,Full adder,32,16,16,1.00E-08,6.00E-07,9.00E-10,1.29E-10
647,Combinational ,Full adder,32,16,16,1.00E-08,7.00E-07,9.00E-10,1.51E-10
648,Combinational ,Full adder,32,16,16,1.00E-08,8.00E-07,9.00E-10,1.72E-10
649,Combinational ,Full adder,32,16,16,1.00E-08,9.00E-07,9.00E-10,1.94E-10
650,Combinational ,Full adder,32,16,16,1.00E-08,1.00E-06,9.00E-10,2.15E-10
651,Combinational ,Full adder,32,16,16,1.00E-08,1.00E-07,1.00E-09,1.86E-11
652,Combinational ,Full adder,32,16,16,1.00E-08,2.00E-07,1.00E-09,3.67E-11
653,Combinational ,Full adder,32,16,16,1.00E-08,3.00E-07,1.00E-09,5.49E-11
654,Combinational ,Full adder,32,16,16,1.00E-08,4.00E-07,1.00E-09,7.31E-11
655,Combinational ,Full adder,32,16,16,1.00E-08,5.00E-07,1.00E-09,9.12E-11
656,Combinational ,Full adder,32,16,16,1.00E-08,6.00E-07,1.00E-09,1.10E-10
657,Combinational ,Full adder,32,16,16,1.00E-08,7.00E-07,1.00E-09,1.28E-10
658,Combinational ,Full adder,32,16,16,1.00E-08,8.00E-07,1.00E-09,1.46E-10
659,Combinational ,Full adder,32,16,16,1.00E-08,9.00E-07,1.00E-09,1.64E-10
660,Combinational ,Full adder,32,16,16,1.00E-08,1.00E-06,1.00E-09,1.82E-10
661,Combinational ,Full adder,32,16,16,1.00E-08,1.00E-07,1.10E-09,1.64E-11
662,Combinational ,Full adder,32,16,16,1.00E-08,2.00E-07,1.10E-09,3.24E-11
663,Combinational ,Full adder,32,16,16,1.00E-08,3.00E-07,1.10E-09,4.84E-11
664,Combinational ,Full adder,32,16,16,1.00E-08,4.00E-07,1.10E-09,6.44E-11
665,Combinational ,Full adder,32,16,16,1.00E-08,5.00E-07,1.10E-09,8.05E-11
666,Combinational ,Full adder,32,16,16,1.00E-08,6.00E-07,1.10E-09,9.65E-11
667,Combinational ,Full adder,32,16,16,1.00E-08,7.00E-07,1.10E-09,1.12E-10
668,Combinational ,Full adder,32,16,16,1.00E-08,8.00E-07,1.10E-09,1.29E-10
669,Combinational ,Full adder,32,16,16,1.00E-08,9.00E-07,1.10E-09,1.45E-10
670,Combinational ,Full adder,32,16,16,1.00E-08,1.00E-06,1.10E-09,1.61E-10
671,Combinational ,Full adder,32,16,16,1.00E-08,1.00E-07,1.20E-09,1.48E-11
672,Combinational ,Full adder,32,16,16,1.00E-08,2.00E-07,1.20E-09,2.93E-11
673,Combinational ,Full adder,32,16,16,1.00E-08,3.00E-07,1.20E-09,4.38E-11
674,Combinational ,Full adder,32,16,16,1.00E-08,4.00E-07,1.20E-09,5.82E-11
675,Combinational ,Full adder,32,16,16,1.00E-08,5.00E-07,1.20E-09,7.26E-11
676,Combinational ,Full adder,32,16,16,1.00E-08,6.00E-07,1.20E-09,8.71E-11
677,Combinational ,Full adder,32,16,16,1.00E-08,7.00E-07,1.20E-09,1.02E-10
678,Combinational ,Full adder,32,16,16,1.00E-08,8.00E-07,1.20E-09,1.16E-10
679,Combinational ,Full adder,32,16,16,1.00E-08,9.00E-07,1.20E-09,1.30E-10
680,Combinational ,Full adder,32,16,16,1.00E-08,1.00E-06,1.20E-09,1.45E-10
681,Combinational ,Full adder,32,16,16,1.00E-08,1.00E-07,1.30E-09,1.36E-11
682,Combinational ,Full adder,32,16,16,1.00E-08,2.00E-07,1.30E-09,2.69E-11
683,Combinational ,Full adder,32,16,16,1.00E-08,3.00E-07,1.30E-09,4.02E-11
684,Combinational ,Full adder,32,16,16,1.00E-08,4.00E-07,1.30E-09,5.34E-11
685,Combinational ,Full adder,32,16,16,1.00E-08,5.00E-07,1.30E-09,6.68E-11
686,Combinational ,Full adder,32,16,16,1.00E-08,6.00E-07,1.30E-09,8.01E-11
687,Combinational ,Full adder,32,16,16,1.00E-08,7.00E-07,1.30E-09,9.33E-11
688,Combinational ,Full adder,32,16,16,1.00E-08,8.00E-07,1.30E-09,1.07E-10
689,Combinational ,Full adder,32,16,16,1.00E-08,9.00E-07,1.30E-09,1.20E-10
690,Combinational ,Full adder,32,16,16,1.00E-08,1.00E-06,1.30E-09,1.33E-10
691,Combinational ,Full adder,32,16,16,1.00E-08,1.00E-07,1.40E-09,1.27E-11
692,Combinational ,Full adder,32,16,16,1.00E-08,2.00E-07,1.40E-09,2.50E-11
693,Combinational ,Full adder,32,16,16,1.00E-08,3.00E-07,1.40E-09,3.73E-11
694,Combinational ,Full adder,32,16,16,1.00E-08,4.00E-07,1.40E-09,4.97E-11
695,Combinational ,Full adder,32,16,16,1.00E-08,5.00E-07,1.40E-09,6.19E-11
696,Combinational ,Full adder,32,16,16,1.00E-08,6.00E-07,1.40E-09,7.44E-11
697,Combinational ,Full adder,32,16,16,1.00E-08,7.00E-07,1.40E-09,8.68E-11
698,Combinational ,Full adder,32,16,16,1.00E-08,8.00E-07,1.40E-09,9.91E-11
699,Combinational ,Full adder,32,16,16,1.00E-08,9.00E-07,1.40E-09,1.12E-10
700,Combinational ,Full adder,32,16,16,1.00E-08,1.00E-06,1.40E-09,1.24E-10
701,Combinational ,Full adder,32,16,16,1.00E-08,1.00E-07,1.50E-09,1.19E-11
702,Combinational ,Full adder,32,16,16,1.00E-08,2.00E-07,1.50E-09,2.35E-11
703,Combinational ,Full adder,32,16,16,1.00E-08,3.00E-07,1.50E-09,3.50E-11
704,Combinational ,Full adder,32,16,16,1.00E-08,4.00E-07,1.50E-09,4.67E-11
705,Combinational ,Full adder,32,16,16,1.00E-08,5.00E-07,1.50E-09,5.82E-11
706,Combinational ,Full adder,32,16,16,1.00E-08,6.00E-07,1.50E-09,6.98E-11
707,Combinational ,Full adder,32,16,16,1.00E-08,7.00E-07,1.50E-09,8.14E-11
708,Combinational ,Full adder,32,16,16,1.00E-08,8.00E-07,1.50E-09,9.30E-11
709,Combinational ,Full adder,32,16,16,1.00E-08,9.00E-07,1.50E-09,1.05E-10
710,Combinational ,Full adder,32,16,16,1.00E-08,1.00E-06,1.50E-09,1.16E-10
711,Combinational ,Full adder,32,16,16,1.00E-08,1.00E-07,1.60E-09,1.13E-11
712,Combinational ,Full adder,32,16,16,1.00E-08,2.00E-07,1.60E-09,2.22E-11
713,Combinational ,Full adder,32,16,16,1.00E-08,3.00E-07,1.60E-09,3.31E-11
714,Combinational ,Full adder,32,16,16,1.00E-08,4.00E-07,1.60E-09,4.41E-11
715,Combinational ,Full adder,32,16,16,1.00E-08,5.00E-07,1.60E-09,5.51E-11
716,Combinational ,Full adder,32,16,16,1.00E-08,6.00E-07,1.60E-09,6.60E-11
717,Combinational ,Full adder,32,16,16,1.00E-08,7.00E-07,1.60E-09,7.71E-11
718,Combinational ,Full adder,32,16,16,1.00E-08,8.00E-07,1.60E-09,8.79E-11
719,Combinational ,Full adder,32,16,16,1.00E-08,9.00E-07,1.60E-09,9.89E-11
720,Combinational ,Full adder,32,16,16,1.00E-08,1.00E-06,1.60E-09,1.10E-10
721,Combinational ,Full adder,32,16,16,2.00E-08,1.00E-07,9.00E-10,2.25E-11
722,Combinational ,Full adder,32,16,16,2.00E-08,2.00E-07,9.00E-10,4.43E-11
723,Combinational ,Full adder,32,16,16,2.00E-08,3.00E-07,9.00E-10,6.60E-11
724,Combinational ,Full adder,32,16,16,2.00E-08,4.00E-07,9.00E-10,8.78E-11
725,Combinational ,Full adder,32,16,16,2.00E-08,5.00E-07,9.00E-10,1.10E-10
726,Combinational ,Full adder,32,16,16,2.00E-08,6.00E-07,9.00E-10,1.31E-10
727,Combinational ,Full adder,32,16,16,2.00E-08,7.00E-07,9.00E-10,1.53E-10
728,Combinational ,Full adder,32,16,16,2.00E-08,8.00E-07,9.00E-10,1.75E-10
729,Combinational ,Full adder,32,16,16,2.00E-08,9.00E-07,9.00E-10,1.97E-10
730,Combinational ,Full adder,32,16,16,2.00E-08,1.00E-06,9.00E-10,2.18E-10
731,Combinational ,Full adder,32,16,16,2.00E-08,1.00E-07,1.00E-09,1.91E-11
732,Combinational ,Full adder,32,16,16,2.00E-08,2.00E-07,1.00E-09,3.75E-11
733,Combinational ,Full adder,32,16,16,2.00E-08,3.00E-07,1.00E-09,5.58E-11
734,Combinational ,Full adder,32,16,16,2.00E-08,4.00E-07,1.00E-09,7.42E-11
735,Combinational ,Full adder,32,16,16,2.00E-08,5.00E-07,1.00E-09,9.25E-11
736,Combinational ,Full adder,32,16,16,2.00E-08,6.00E-07,1.00E-09,1.11E-10
737,Combinational ,Full adder,32,16,16,2.00E-08,7.00E-07,1.00E-09,1.29E-10
738,Combinational ,Full adder,32,16,16,2.00E-08,8.00E-07,1.00E-09,1.48E-10
739,Combinational ,Full adder,32,16,16,2.00E-08,9.00E-07,1.00E-09,1.66E-10
740,Combinational ,Full adder,32,16,16,2.00E-08,1.00E-06,1.00E-09,1.85E-10
741,Combinational ,Full adder,32,16,16,2.00E-08,1.00E-07,1.10E-09,1.89E-11
742,Combinational ,Full adder,32,16,16,2.00E-08,2.00E-07,1.10E-09,3.70E-11
743,Combinational ,Full adder,32,16,16,2.00E-08,3.00E-07,1.10E-09,5.52E-11
744,Combinational ,Full adder,32,16,16,2.00E-08,4.00E-07,1.10E-09,7.33E-11
745,Combinational ,Full adder,32,16,16,2.00E-08,5.00E-07,1.10E-09,9.14E-11
746,Combinational ,Full adder,32,16,16,2.00E-08,6.00E-07,1.10E-09,1.10E-10
747,Combinational ,Full adder,32,16,16,2.00E-08,7.00E-07,1.10E-09,1.28E-10
748,Combinational ,Full adder,32,16,16,2.00E-08,8.00E-07,1.10E-09,1.46E-10
749,Combinational ,Full adder,32,16,16,2.00E-08,9.00E-07,1.10E-09,1.64E-10
750,Combinational ,Full adder,32,16,16,2.00E-08,1.00E-06,1.10E-09,1.82E-10
,,,,,,,,,
,,,,,,,,,
,,,,,,,,,
,,,,,,,,,
,,,,,,,,,
,,,,,,,,,
,,,,,,,,,
,,,,,,,,,
,,,,,,,,,
,,,,,,,,,
,,,,,,,,,
,,,,,,,,,
,,,,,,,,,
,,,,,,,,,
,,,,,,,,,
,,,,,,,,,
,,,,,,,,,
,,,,,,,,,
,,,,,,,,,
,,,,,,,,,
,,,,,,,,,
,,,,,,,,,
,,,,,,,,,
,,,,,,,,,
,,,,,,,,,
,,,,,,,,,
,,,,,,,,,
,,,,,,,,,
,,,,,,,,,
,,,,,,,,,
,,,,,,,,,
,,,,,,,,,
,,,,,,,,,
,,,,,,,,,
,,,,,,,,,
,,,,,,,,,
,,,,,,,,,
,,,,,,,,,
,,,,,,,,,
,,,,,,,,,
,,,,,,,,,
,,,,,,,,,
,,,,,,,,,
,,,,,,,,,
,,,,,,,,,
,,,,,,,,,
,,,,,,,,,
,,,,,,,,,
,,,,,,,,,
,,,,,,,,,
,,,,,,,,,
,,,,,,,,,
,,,,,,,,,
,,,,,,,,,
,,,,,,,,,
,,,,,,,,,
,,,,,,,,,
,,,,,,,,,
,,,,,,,,,
,,,,,,,,,
,,,,,,,,,
,,,,,,,,,
,,,,,,,,,
,,,,,,,,,
,,,,,,,,,
,,,,,,,,,
,,,,,,,,,
,,,,,,,,,
,,,,,,,,,
,,,,,,,,,
,,,,,,,,,
,,,,,,,,,
,,,,,,,,,
,,,,,,,,,
,,,,,,,,,
,,,,,,,,,
,,,,,,,,,
,,,,,,,,,
,,,,,,,,,
,,,,,,,,,
,,,,,,,,,
,,,,,,,,,
,,,,,,,,,
,,,,,,,,,
,,,,,,,,,
,,,,,,,,,
,,,,,,,,,
,,,,,,,,,
,,,,,,,,,
,,,,,,,,,
,,,,,,,,,
,,,,,,,,,
,,,,,,,,,
,,,,,,,,,
,,,,,,,,,
,,,,,,,,,
,,,,,,,,,
,,,,,,,,,
,,,,,,,,,
,,,,,,,,,
,,,,,,,,,
,,,,,,,,,
,,,,,,,,,
,,,,,,,,,
,,,,,,,,,
,,,,,,,,,
,,,,,,,,,
,,,,,,,,,
,,,,,,,,,
,,,,,,,,,
,,,,,,,,,
,,,,,,,,,
,,,,,,,,,
,,,,,,,,,
,,,,,,,,,
,,,,,,,,,
,,,,,,,,,
,,,,,,,,,
,,,,,,,,,
,,,,,,,,,
,,,,,,,,,
,,,,,,,,,
,,,,,,,,,
,,,,,,,,,
,,,,,,,,,
,,,,,,,,,
,,,,,,,,,
,,,,,,,,,
,,,,,,,,,
,,,,,,,,,
,,,,,,,,,
,,,,,,,,,
,,,,,,,,,
,,,,,,,,,
,,,,,,,,,
,,,,,,,,,
,,,,,,,,,
,,,,,,,,,
,,,,,,,,,
,,,,,,,,,
,,,,,,,,,
,,,,,,,,,
,,,,,,,,,
,,,,,,,,,
,,,,,,,,,
,,,,,,,,,
,,,,,,,,,
,,,,,,,,,
,,,,,,,,,
,,,,,,,,,
,,,,,,,,,
,,,,,,,,,
,,,,,,,,,
,,,,,,,,,
,,,,,,,,,
,,,,,,,,,
,,,,,,,,,
,,,,,,,,,
,,,,,,,,,
,,,,,,,,,
,,,,,,,,,
,,,,,,,,,
,,,,,,,,,
,,,,,,,,,
,,,,,,,,,
,,,,,,,,,
,,,,,,,,,
,,,,,,,,,
,,,,,,,,,
,,,,,,,,,
,,,,,,,,,
,,,,,,,,,
,,,,,,,,,
,,,,,,,,,
,,,,,,,,,
,,,,,,,,,
,,,,,,,,,
,,,,,,,,,
,,,,,,,,,
,,,,,,,,,
,,,,,,,,,
,,,,,,,,,
,,,,,,,,,
,,,,,,,,,
,,,,,,,,,
,,,,,,,,,
,,,,,,,,,
,,,,,,,,,
,,,,,,,,,
,,,,,,,,,
,,,,,,,,,
,,,,,,,,,
,,,,,,,,,
,,,,,,,,,
,,,,,,,,,
,,,,,,,,,
,,,,,,,,,
,,,,,,,,,
,,,,,,,,,
,,,,,,,,,
,,,,,,,,,
,,,,,,,,,
,,,,,,,,,
,,,,,,,,,
,,,,,,,,,
,,,,,,,,,
,,,,,,,,,
,,,,,,,,,
,,,,,,,,,
,,,,,,,,,
,,,,,,,,,
,,,,,,,,,
,,,,,,,,,
,,,,,,,,,
,,,,,,,,,
,,,,,,,,,
,,,,,,,,,
,,,,,,,,,
,,,,,,,,,
,,,,,,,,,
,,,,,,,,,
,,,,,,,,,
,,,,,,,,,
,,,,,,,,,
,,,,,,,,,
,,,,,,,,,
,,,,,,,,,
,,,,,,,,,
,,,,,,,,,
,,,,,,,,,
,,,,,,,,,
,,,,,,,,,
,,,,,,,,,
,,,,,,,,,
,,,,,,,,,
,,,,,,,,,
,,,,,,,,,
,,,,,,,,,
,,,,,,,,,
,,,,,,,,,
,,,,,,,,,
,,,,,,,,,
,,,,,,,,,
,,,,,,,,,
,,,,,,,,,
,,,,,,,,,
,,,,,,,,,
,,,,,,,,,
,,,,,,,,,
,,,,,,,,,
,,,,,,,,,
,,,,,,,,,
,,,,,,,,,
,,,,,,,,,
,,,,,,,,,
,,,,,,,,,
,,,,,,,,,
,,,,,,,,,
,,,,,,,,,
,,,,,,,,,
,,,,,,,,,
,,,,,,,,,
,,,,,,,,,
,,,,,,,,,
,,,,,,,,,
,,,,,,,,,
,,,,,,,,,
,,,,,,,,,
,,,,,,,,,
,,,,,,,,,
,,,,,,,,,
,,,,,,,,,
,,,,,,,,,
,,,,,,,,,
,,,,,,,,,
,,,,,,,,,
,,,,,,,,,
,,,,,,,,,
,,,,,,,,,
,,,,,,,,,
,,,,,,,,,
,,,,,,,,,
,,,,,,,,,
,,,,,,,,,
,,,,,,,,,
,,,,,,,,,
,,,,,,,,,
,,,,,,,,,
,,,,,,,,,
,,,,,,,,,
,,,,,,,,,
,,,,,,,,,
,,,,,,,,,
,,,,,,,,,
,,,,,,,,,
,,,,,,,,,
,,,,,,,,,
,,,,,,,,,
,,,,,,,,,
,,,,,,,,,
,,,,,,,,,
,,,,,,,,,
,,,,,,,,,
,,,,,,,,,
,,,,,,,,,
,,,,,,,,,
,,,,,,,,,
,,,,,,,,,
,,,,,,,,,
,,,,,,,,,
,,,,,,,,,
,,,,,,,,,
,,,,,,,,,
,,,,,,,,,
,,,,,,,,,
,,,,,,,,,
,,,,,,,,,
,,,,,,,,,
,,,,,,,,,
,,,,,,,,,
,,,,,,,,,
,,,,,,,,,
,,,,,,,,,
,,,,,,,,,
,,,,,,,,,
,,,,,,,,,
,,,,,,,,,
,,,,,,,,,
,,,,,,,,,
,,,,,,,,,
,,,,,,,,,
,,,,,,,,,
,,,,,,,,,
,,,,,,,,,
,,,,,,,,,
,,,,,,,,,
,,,,,,,,,
,,,,,,,,,
,,,,,,,,,
,,,,,,,,,
,,,,,,,,,
,,,,,,,,,
,,,,,,,,,
,,,,,,,,,
,,,,,,,,,
,,,,,,,,,
,,,,,,,,,
,,,,,,,,,
,,,,,,,,,
,,,,,,,,,
,,,,,,,,,
,,,,,,,,,
,,,,,,,,,
,,,,,,,,,
,,,,,,,,,
,,,,,,,,,
,,,,,,,,,
,,,,,,,,,
,,,,,,,,,
,,,,,,,,,
,,,,,,,,,
,,,,,,,,,
,,,,,,,,,
,,,,,,,,,
,,,,,,,,,
,,,,,,,,,
,,,,,,,,,
,,,,,,,,,
,,,,,,,,,
,,,,,,,,,
,,,,,,,,,
